id,hip,proper,mag,ci,x,y,z
12082,12114,268 G. Cet,5.79,0.918,5.538462,4.488223,0.861013
60731,60936,3C 273,12.88,0.12,-99130.70606,-12660.058622,3581.344963
15471,15510,82 G. Eri,4.26,0.711,2.839238,3.381499,-4.127499
3759,3765,96 G. Psc,5.74,0.89,7.258368,1.555495,0.686093
13813,13847,Acamar,2.88,0.128,26.85749,26.453029,-31.974932
7574,7588,Achernar,0.45,-0.158,21.065573,9.568417,-35.951967
3814,3821,Achird,3.46,0.587,3.098462,0.674227,5.038376
78580,78820,Acrab,2.56,-0.065,-55.881427,-102.320756,-41.98604
78581,78821,Acrab B,4.9,-0.024,-55.06152,-100.825111,-41.363651
60530,60718,Acrux,0.77,-0.243,-44.363755,-5.171957,-88.034513
43939,44066,Acubens,4.26,0.141,-39.690103,40.217629,11.863811
50193,50335,Adhafera,3.43,0.307,-69.409312,33.594777,33.397009
33492,33579,Adhara,1.5,-0.211,-27.497987,105.141608,-60.171969
6397,6411,Adhil,4.87,1.077,43.117698,16.194066,46.916563
20837,20889,Ain,3.53,1.014,16.488448,39.136798,14.772771
92471,92761,Ainalrami,4.86,1.412,74.467326,-309.170538,-133.319898
53369,53524,Aiolos,7.36,0.23,-31.65874,8.921182,-84.220969
94186,94481,Aladfar,4.43,-0.15,104.385585,-313.073293,268.637487
89726,90004,Alasia,7.95,0.713,3.976682,-41.623556,-8.82869
93846,94141,Albaldah,2.88,0.377,43.714239,-139.143552,-56.055078
102287,102618,Albali,3.78,0.0,41.969653,-46.744809,-10.507937
95648,95947,Albireo,3.05,1.088,45.350466,-108.51838,62.430012
95652,95951,Albireo B,5.12,-0.095,41.751189,-99.862557,57.467608
59020,59199,Alchiba,4.02,0.334,-13.557668,-0.497944,-6.248321
65272,65477,Alcor,3.99,0.169,-13.393436,-5.223608,20.521915
17661,17702,Alcyone,2.85,-0.086,61.664507,94.489136,50.483636
21368,21421,Aldebaran,0.87,1.538,7.02722,18.287604,5.806661
104861,105199,Alderamin,2.45,0.257,5.276111,-4.483201,13.348778
107742,108085,Aldhanab,3.0,-0.084,43.853581,-26.892269,-39.28078
83638,83895,Aldhibah,3.17,-0.12,-9.178442,-40.388128,91.793254
101095,101421,Aldulfin,4.03,-0.123,61.580495,-77.965441,19.858319
113366,113726,Alfarasalkamil,3.62,-0.099,150.676276,-39.022904,141.757338
105691,106032,Alfirk,3.23,-0.201,55.219515,-42.886719,198.108029
99743,100064,Algedi,3.58,0.883,17.945333,-26.097385,-7.047505
1065,1067,Algenib,2.83,-0.19,115.664183,6.687324,31.442127
50440,50583,Algieba,2.01,1.128,-34.002797,15.860719,13.53874
14540,14576,Algol,2.09,-0.003,14.189428,15.238793,18.072114
60776,60965,Algorab,2.94,-0.012,-25.316094,-3.317674,-7.57057
31601,31681,Alhena,1.93,0.001,-5.266162,31.714389,9.461403
62757,62956,Alioth,1.76,-0.022,-13.775959,-3.309169,20.972944
102157,102488,Aljanah,2.48,1.021,12.262597,-13.834612,12.455654
67088,67301,Alkaid,1.85,-0.099,-18.529548,-9.394541,24.164506
75182,75411,Alkalurops,4.31,0.309,-17.300377,-21.457918,21.056469
75187,75415,Alkalurops B,6.51,0.6,-17.991461,-22.319858,21.876782
44343,44471,Alkaphrah,3.57,0.007,-53.667801,51.996165,80.572997
115258,115623,Alkarab,4.42,0.617,47.401961,-7.215479,20.75302
53584,53740,Alkes,4.08,1.079,-44.746057,12.036889,-15.32333
23361,23416,Almaaz,3.03,0.537,118.129799,456.518488,452.57303
9618,9640,Almach,2.1,1.37,76.368059,45.840864,81.131974
108922,109268,Alnair,1.73,-0.07,18.672505,-9.904001,-22.635193
88361,88635,Alnasl,2.98,0.981,0.648969,-25.602281,-15.040072
26246,26311,Alnilam,1.69,-0.184,62.775122,602.66691,-12.712683
26662,26727,Alnitak,1.74,-0.199,18.918488,224.809409,-7.651875
79870,80112,Alniyat,2.9,0.299,-80.536239,-175.075401,-92.301792
46259,46390,Alphard,1.99,1.44,-43.003468,33.722848,-8.322089
76035,76267,Alphecca,2.22,0.032,-12.176093,-16.558746,10.343974
676,677,Alpheratz,2.07,-0.038,25.974572,0.951042,14.461264
7083,7097,Alpherg,3.62,0.974,95.233975,40.171366,28.364911
9467,9487,Alrescha,3.82,0.024,39.728779,23.413015,2.226137
86515,86782,Alruba,5.75,0.017,-6.737285,-96.264768,131.85914
95799,96100,Alsafi,4.67,0.786,0.784452,-1.840016,5.396152
40959,41075,Alsciaukat,4.25,1.55,-49.889521,69.406143,80.234157
42794,42913,Alsephina,1.93,0.043,-9.394033,10.739813,-20.158771
97725,98036,Alshain,3.71,0.855,6.563854,-11.925647,1.528534
99985,100310,Alshat,4.77,-0.047,43.612148,-61.902343,-17.146901
97338,97649,Altair,0.76,0.221,2.355468,-4.4873,0.790749
94081,94376,Altais,3.07,0.99,3.534238,-10.788301,27.627312
46617,46750,Alterf,4.32,1.541,-74.131964,56.004334,39.376137
35806,35904,Aludra,2.45,-0.083,-190.762166,496.337122,-298.432917
55055,55219,Alula Borealis,3.49,1.4,-100.864256,18.476143,66.832099
92654,92946,Alya,4.62,0.161,11.483943,-45.872196,3.475585
92659,92951,Alya B,4.98,0.204,12.587009,-50.255684,3.806479
32276,32362,Alzirr,3.35,0.443,-3.444569,17.203451,4.0169
29477,29550,Amadioha,8.98,0.817,-2.893727,48.727238,-28.065674
47645,47780,Añañuca,10.22,1.53,-5.716082,3.837529,-7.073973
109657,110003,Ancha,4.17,0.979,51.269356,-24.775209,-7.783126
13254,13288,Angetenar,4.76,0.906,39.279245,36.32166,-20.540573
57647,57820,Aniara,7.86,0.971,-67.531225,2.542591,106.655113
2076,2081,Ankaa,2.4,1.083,19.083654,2.198282,-17.483284
95473,95771,Anser,4.44,1.502,31.268751,-76.712143,38.040745
80519,80763,Antares,1.06,1.865,-58.542602,-140.307591,-75.574766
99156,99473,Antinous,3.24,-0.066,47.588681,-73.769106,-1.258706
72619,72845,Arcalís,7.8,1.039,-75.984659,-71.719466,34.424841
69451,69673,Arcturus,-0.05,1.239,-8.823448,-5.932531,3.698938
94999,95294,Arkab Posterior,4.27,0.35,10.367344,-27.285432,-28.985346
94946,95241,Arkab Prior,3.96,-0.085,24.213622,-64.216561,-67.345884
25920,25985,Arneb,2.58,0.211,76.877195,643.047236,-208.208
93213,93506,Ascella,2.6,0.062,6.326274,-22.577554,-13.471863
42792,42911,Asellus Australis,3.94,1.083,-25.041776,28.63397,12.473108
42687,42806,Asellus Borealis,4.66,0.01,-33.797361,39.125009,20.33287
42990,43109,Ashlesha,3.38,0.685,-26.198413,29.410867,4.431082
45425,45556,Aspidiske,2.21,0.189,-90.887872,78.251756,-201.791538
17537,17579,Asterope,5.76,-0.036,57.278032,86.462186,47.384166
80089,80331,Athebyne,2.73,0.91,-5.477258,-12.300885,24.814526
17406,17448,Atik,3.84,0.022,162.113525,241.065988,183.56674
17805,17847,Atlas,3.62,-0.07,57.849417,90.077197,47.782936
82022,82273,Atria,1.91,1.447,-13.127447,-40.804561,-111.826781
40921,41037,Avior,1.86,1.196,-54.83708,76.515238,-159.872623
117951,118319,Axólotl,8.23,0.639,90.980204,-0.040804,-37.551574
13959,13993,Ayeyarwady,7.81,0.936,89.377224,89.515869,-48.058112
106795,107136,Azelfafage,4.69,-0.119,273.366682,-187.713963,412.287993
13667,13701,Azha,3.89,1.088,29.694338,28.782724,-6.474577
38062,38170,Azmidi,3.34,1.218,-153.118527,296.362603,-154.558514
111893,112247,Babcock's star,8.83,0.031,53443.383418,-18369.410721,82500.724352
72910,73136,Baekdu,6.83,0.985,-29.878814,-29.05737,154.476295
86839,87108,Bake-eo,3.75,0.043,-1.662293,-31.436744,1.488597
87665,87937,Barnard's Star,9.54,1.57,-0.017373,-1.816613,0.149123
8628,8645,Baten Kaitos,3.74,1.136,62.65906,33.12747,-12.925362
20483,20535,Beemim,3.97,1.468,30.609599,68.780131,-50.811792
19538,19587,Beid,4.04,0.327,16.838836,33.000244,-4.442368
94829,95124,Belel,7.55,1.022,35.109071,-95.077194,-44.321033
6629,6643,Bélénos,7.12,0.577,36.464195,14.218374,21.309341
25273,25336,Bellatrix,1.64,-0.224,11.658576,76.036136,8.56012
27919,27989,Betelgeuse,0.45,1.5,3.189296,151.364387,19.682142
13176,13209,Bharani,3.61,-0.1,33.287607,30.498162,23.26243
48571,48711,Bibhā,8.73,0.664,-81.553447,48.954496,-6.331799
109081,109427,Biham,3.52,0.086,24.963846,-12.967714,3.054948
87994,88267,Bodu,4.26,0.406,0.78172,-118.897851,47.065883
106908,107251,Bosona,8.34,1.009,159.050184,-107.872405,-24.988061
14802,14838,Botein,4.35,1.033,32.830084,36.343153,17.561644
73486,73714,Brachium,3.25,1.674,-55.51919,-57.527085,-37.760649
26315,26380,Bubup,6.69,0.584,1.075847,10.699992,-36.774049
12159,12191,Buna,7.28,0.656,33.267021,27.188006,38.769845
106444,106786,Bunda,4.68,0.175,44.13209,-31.551274,-7.483694
95992,96295,Campbell's Hydrogen Star,10.0,-0.013,34611.284098,-78889.844899,50778.453408
30365,30438,Canopus,-0.62,0.164,-5.992679,57.132034,-75.396105
24549,24608,Capella,0.08,0.795,1.712633,8.954439,9.440007
744,746,Caph,2.28,0.38,8.600014,0.344589,14.409503
36744,36850,Castor,1.58,0.034,-5.311938,12.130011,8.238737
4412,4422,Castula,4.62,0.957,30.437701,7.68286,52.6216
86475,86742,Cebalrai,2.76,1.168,-1.802333,-24.949291,1.998237
37178,37284,Ceibo,9.37,1.006,-2.947922,6.367903,-33.822035
17447,17489,Celaeno,5.45,-0.034,58.617318,87.564472,47.554545
86529,86796,Cervantes,5.12,0.694,-0.662558,-9.561971,-12.19514
53565,53721,Chalawan,5.03,0.624,-10.333319,2.794615,9.120037
20842,20894,Chamukuy,3.4,0.179,17.209733,40.871602,12.608233
61124,61317,Chara,4.24,0.588,-6.266213,-0.929293,5.576481
99574,99894,Chechia,6.44,0.867,36.598915,-54.209052,5.240473
54718,54879,Chertan,3.33,-0.003,-47.814213,9.675761,13.464276
4417,4427,Cih,2.15,-0.046,79.836717,20.168018,146.837047
1544,1547,Citadelle,8.36,0.92,153.922235,12.982322,38.670219
33632,33719,Citalá,6.29,0.572,-7.499264,27.84151,-2.708925
3472,3479,Cocibolca,7.78,0.664,28.425119,5.582477,-14.452867
43464,43587,Copernicus,5.96,0.869,-7.429298,7.925466,5.85673
62925,63125,Cor Caroli,2.89,-0.115,-26.795114,-6.684223,21.824384
62921,63121,Cor Caroli B,5.61,0.337,-28.092342,-7.005189,22.877614
80221,80463,Cujam,4.57,0.002,-29.840058,-68.151905,18.595479
23820,23875,Cursa,2.78,0.161,6.156194,26.585876,-2.429001
97987,98298,Cygnus X-1,8.84,0.73,240.17499,-422.950898,343.12808
100020,100345,Dabih,3.05,0.79,55.920163,-79.116953,-25.564218
14843,14879,Dalim,3.8,0.543,8.329775,9.25728,-6.899408
114848,115211,Danfeng,11.03,1.45,12.960983,-2.278056,-22.853202
10620,10644,Deltoton,4.84,0.607,7.36921,5.020051,6.065246
101767,102098,Deneb,1.25,0.092,197.250632,-232.113407,307.600832
107213,107556,Deneb Algedi,2.85,0.18,9.534405,-6.248606,-3.296196
57459,57632,Denebola,2.14,0.09,-10.633926,0.508011,2.767546
64037,64241,Diadem,4.32,0.455,-16.211012,-5.110375,5.368871
54001,54158,Dingolay,8.21,0.856,-153.260473,37.686294,-6.927309
3413,3419,Diphda,2.04,1.019,27.583638,5.310463,-9.119792
65839,66047,Dofida,7.17,0.603,-23.693773,-10.109418,-27.888234
78165,78401,Dschubba,2.29,-0.117,-69.332609,-120.492107,-57.928452
53905,54061,Dubhe,1.81,1.061,-17.298705,4.33488,33.191332
86347,86614,Dziban,4.57,0.434,-0.551088,-6.978598,21.736754
86353,86620,Dziban B,5.81,0.53,-0.555414,-7.044781,21.953273
113961,114322,Ebla,8.59,1.012,27.833867,-6.27534,-1.126403
75229,75458,Edasich,3.29,1.166,-10.015969,-12.471787,26.585776
17457,17499,Electra,3.72,-0.105,62.965631,94.124106,50.687766
70532,70755,Elgafar,4.81,0.693,-28.915866,-21.829712,-1.409548
28962,29034,Elkurud,5.0,-0.095,-5.782732,176.005131,-133.923795
25364,25428,Elnath,1.65,-0.13,5.281578,35.6504,19.655456
87561,87833,Eltanin,2.24,1.521,-0.436154,-29.451035,37.014357
5517,5529,Emiw,8.06,0.849,13.576752,4.332049,-32.293578
106972,107315,Enif,2.38,1.52,172.769915,-116.330918,36.25782
116361,116727,Errai,3.21,1.031,3.008186,-0.271815,13.774751
90065,90344,Fafnir,4.82,1.179,4.51784,-39.674686,87.878659
78029,78265,Fang,2.89,-0.18,-81.301517,-139.203202,-79.023364
96858,97165,Fawaris,2.86,-0.002,15.779435,-32.006459,35.8481
48478,48615,Felis,4.94,1.559,-152.168245,92.455966,-61.341498
2241,2247,Felixvarela,9.62,1.128,34.013301,4.262471,-9.976163
57197,57370,Flegetonte,8.07,0.835,-29.544905,1.845236,1.458929
113008,113368,Fomalhaut,1.17,0.145,6.450517,-1.799476,-3.807757
56339,56508,Formosa,6.45,1.01,-113.87372,12.439743,42.695774
2914,2920,Fulu,3.69,-0.196,105.743565,17.207892,146.901502
113529,113889,Fumalsamakah,4.48,-0.115,121.152668,-30.275882,8.338293
60986,61177,Funi,8.75,0.645,-17.489575,-2.467324,63.644764
30049,30122,Furud,3.02,-0.16,-8.512138,95.786306,-55.662081
86991,87261,Fuyue,3.19,1.192,-1.362278,-30.763993,-23.24156
60893,61084,Gacrux,1.59,1.6,-14.606901,-1.998688,-22.800748
42327,42446,Gakyid,8.23,0.962,-50.568104,60.659599,18.174814
62257,62452,Gar,11.39,1.563,-8.06968,-1.713193,1.417736
106916,107259,Garnet Star,4.23,2.242,42908.717258,-29076.600569,85518.379993
56044,56211,Giausar,3.82,1.613,-35.773586,4.486959,95.570558
59621,59803,Gienah,2.58,-0.107,-44.805937,-3.095058,-14.197066
60075,60260,Ginan,3.59,1.389,-34.656852,-3.239447,-61.275879
36087,36188,Gomeisa,2.89,-0.097,-18.209817,45.556204,7.147858
57767,57939,Groombridge 1830,6.42,0.754,-7.187679,0.220247,5.561623
1472,1475,Groombridge 34,8.09,1.56,2.571275,0.20667,2.493057
87314,87585,Grumium,3.73,1.177,-0.532395,-18.850278,28.897629
77214,77450,Gudja,4.09,1.616,-60.303137,-93.518027,36.45959
94350,94645,Gumala,6.25,0.548,8.135614,-23.777829,-11.28349
84147,84405,Guniibuu,4.33,0.855,-1.027046,-5.204798,-2.656955
68483,68702,Hadar,0.61,-0.231,-50.954051,-30.56287,-104.478695
23712,23767,Haedus,3.18,-0.148,12.978524,54.599524,49.18977
9861,9884,Hamal,2.01,1.151,15.731986,9.751722,8.03361
22961,23015,Hassaleh,2.69,1.49,34.378539,121.884168,82.763748
26176,26241,Hatysa,2.75,-0.21,76.014147,706.411475,-73.54604
112997,113357,Helvetios,5.45,0.666,14.053522,-3.93265,5.534429
67251,67464,Heng,3.41,-0.225,-88.774682,-45.96956,-89.0322
66040,66249,Heze,3.38,0.114,-20.799365,-9.118725,-0.236175
29198,29271,Hoerikwaggo,5.08,0.714,-0.119802,2.679222,-9.839152
21057,21109,Hoggar,8.38,1.008,85.200384,209.362436,18.088209
111676,112029,Homam,3.41,-0.086,57.962157,-20.678728,11.774377
114208,114570,Honores,4.53,0.302,15.657659,-3.288881,18.670848
55011,55174,Hunahpú,8.05,0.962,-120.572962,22.459787,-54.542905
79834,80076,Hunor,8.72,0.463,-36.260076,-78.299814,75.136419
77868,78104,Iklil,3.87,-0.199,-64.636099,-108.519131,-70.633018
46954,47087,Illyrian,7.62,0.864,-83.307172,60.663459,71.573083
59565,59747,Imai,2.79,-0.193,-54.778605,-3.62525,-90.466
84529,84787,Inquill,6.67,0.614,-6.321012,-35.717587,-41.069892
15539,15578,Intan,9.92,1.037,24.611899,29.516952,-25.659946
46339,46471,Intercrus,5.4,0.993,-47.431774,36.836132,61.329924
108030,108375,Itonda,7.47,0.568,31.177482,-18.487777,-28.079086
71879,72105,Izar,2.35,0.966,-41.582771,-36.462926,28.269741
79134,79374,Jabbah,4.0,0.076,-62.219516,-122.106847,-48.424462
37159,37265,Jishui,4.89,0.413,-17.604251,38.11415,28.945417
12673,12706,Kaffaljidhma,3.47,0.093,18.440324,15.931398,1.377729
116439,116805,Kaffalmusalsala,4.15,-0.071,36.792238,-3.152838,36.078346
47069,47202,Kalausi,8.23,0.811,-24.34255,17.492359,-28.220225
78979,79219,Kamuy,6.57,1.037,-51.645678,-99.279411,56.389141
69205,69427,Kang,4.18,1.323,-64.306477,-42.119366,-13.933635
24129,24186,Kapteyn's Star,8.86,1.543,0.578997,2.705174,-2.76822
76118,76351,Karaka,8.71,0.891,-3.930997,-5.39398,-38.659171
89906,90185,Kaus Australis,1.79,-0.031,3.817188,-36.057831,-24.812975
90217,90496,Kaus Borealis,2.82,1.025,2.635486,-21.487046,-10.289309
89653,89931,Kaus Media,2.72,1.38,8.460232,-92.098382,-53.027575
92604,92895,Kaveh,8.02,0.869,30.48371,-122.991629,9.450485
19799,19849,Keid,4.43,0.82,2.179524,4.432894,-0.66374
69751,69974,Khambalia,4.52,0.128,-45.689342,-31.728277,-13.222219
104649,104987,Kitalpha,3.92,0.549,43.818116,-38.149671,5.336289
72380,72607,Kochab,2.07,1.465,-8.058164,-7.429707,38.619407
12928,12961,Koeia,10.25,1.389,15.812912,14.078244,-9.024692
80571,80816,Kornephoros,2.78,0.947,-15.155861,-36.689058,15.62843
61166,61359,Kraz,2.65,0.893,-40.529889,-6.127261,-17.73539
110547,110893,Kruger 60,9.59,1.613,1.968033,-0.83547,3.381486
4453,4463,Kui,4.4,0.94,62.61915,15.963361,27.988017
64904,65109,Kulou,2.75,0.068,-13.562569,-4.976416,-10.773082
108573,108917,Kurhah,4.26,0.379,11.085515,-6.15803,26.739992
62030,62223,La Superba,5.42,2.994,-220.542536,-43.99915,228.371602
104751,105090,Lacaille 8760,6.69,1.397,2.330004,-2.003156,-2.476477
113687,114046,Lacaille 9352,7.35,1.483,2.581532,-0.621353,-1.918773
53879,54035,Lalande 21185,7.49,1.502,-1.998,0.504305,1.495504
109784,110130,Lang-Exster,2.87,1.39,27.447381,-13.018072,-53.171301
82144,82396,Larawag,2.29,1.144,-4.842163,-15.39568,-11.006616
67786,68002,Leepwal,2.55,-0.176,-69.545858,-38.36753,-86.039492
85436,85696,Lesath,2.7,-0.179,-17.880984,-139.40881,-107.054828
97627,97938,Libertas,4.71,1.023,26.612383,-48.887669,8.280414
65983,66192,Liesma,8.05,0.699,-48.051398,-20.903886,71.410393
13028,13061,Lilii Borea,4.52,1.112,34.120953,30.698125,25.701009
110467,110813,Lionrock,7.6,0.882,115.004344,-49.379339,-38.895048
30788,30860,Lucilinburhuc,7.89,0.74,-4.756834,37.704707,30.734041
30832,30905,Lusitânia,8.1,0.846,-4.288647,33.455125,6.515853
36107,36208,Luyten's Star,9.84,1.573,-1.409549,3.514856,0.346358
85433,85693,Maasym,4.41,1.434,-12.948576,-100.86468,49.842035
52370,52521,Macondo,8.3,0.945,-21.954758,7.522298,-15.405733
23949,24003,Mago,6.43,1.101,9.153224,40.959237,113.090617
28309,28380,Mahasim,2.65,-0.083,0.049188,40.426416,30.69934
82399,82651,Mahsati,8.38,0.9,-51.7543,-173.956642,38.490448
17532,17573,Maia,3.87,-0.063,59.14718,89.215057,48.48319
80637,80883,Marfik,3.82,0.022,-20.104527,-49.089266,1.837527
113603,113963,Markab,2.49,-0.002,38.311434,-9.417123,10.722722
45809,45941,Markeb,2.47,-0.141,-77.65777,63.951481,-143.729782
78804,79043,Marsic,5.0,0.931,-50.571259,-95.186266,33.050231
78805,79045,Marsic B,6.25,1.14,-289.369888,-544.699215,189.212514
111804,112158,Matar,2.93,0.852,53.59916,-18.717064,33.070991
65221,65426,Matza,7.01,0.093,-56.858287,-21.997276,-76.655891
32161,32246,Mebsuta,3.06,1.377,-44.684834,230.247724,110.023705
59592,59774,Megrez,3.32,0.077,-13.402309,-0.903455,20.710384
26142,26207,Meissa,3.39,-0.16,35.907504,329.702779,58.086365
34000,34088,Mekbuda,4.01,0.899,-109.067807,379.683873,148.25163
42437,42556,Meleph,6.29,0.17,-109.202884,129.624965,60.169858
28288,28360,Menkalinan,1.9,0.077,0.036195,17.601288,17.569058
14100,14135,Menkar,2.54,1.63,53.342561,54.414384,5.448321
68714,68933,Menkent,2.06,1.011,-12.358808,-7.624204,-10.694288
18567,18614,Menkib,3.98,0.016,156.01015,267.421217,223.218208
53754,53910,Merak,2.34,0.033,-13.103033,3.398358,20.360601
72261,72487,Merga,5.76,0.482,-25.109461,-22.870123,35.313409
93819,94114,Meridiana,4.11,0.042,9.052029,-28.941534,-23.610478
17566,17608,Merope,4.14,-0.051,58.663928,88.906234,47.309232
8813,8832,Mesarthim,3.88,-0.047,41.769649,22.568336,16.620371
45106,45238,Miaplacidus,1.67,0.07,-8.980712,8.001552,-32.546536
62239,62434,Mimosa,1.25,-0.238,-42.168771,-8.909619,-73.723149
42283,42402,Minchir,4.45,1.216,-72.861703,87.795627,6.661268
62890,63090,Minelauva,3.39,1.571,-58.94191,-14.587593,3.604756
25865,25930,Mintaka,2.25,-0.175,25.868117,210.729667,-1.108306
10800,10826,Mira,6.47,0.966,75.131148,52.288786,-4.761374
5436,5447,Mirach,2.07,1.576,46.946371,14.741814,35.255129
13234,13268,Miram,3.77,1.69,111.116108,102.442422,223.184985
15824,15863,Mirfak,1.79,0.481,62.885098,77.880689,118.708804
30251,30324,Mirzam,1.98,-0.24,-14.209731,142.995999,-46.568852
14632,14668,Misam,3.79,0.98,16.593574,18.028979,24.381331
65173,65378,Mizar,2.23,0.057,-14.115808,-5.413302,21.531272
72113,72339,Mönch,8.04,0.781,-23.603748,-21.168292,-0.15576
8777,8796,Mothallah,3.42,0.488,14.872602,7.99818,9.584806
22438,22491,Mouhoun,7.91,0.961,32.206232,102.609681,-48.714197
33956,34045,Muliphein,4.11,-0.112,-35.835279,125.471916,-36.514903
67711,67927,Muphrid,2.68,0.58,-9.487671,-5.188142,3.596709
41586,41704,Muscida,3.35,0.856,-16.37548,21.290022,47.898272
103195,103527,Musica,5.51,0.934,51.937043,-52.652515,14.160751
44819,44946,Nahn,5.16,0.97,-77.988303,71.865489,42.945282
39318,39429,Naos,2.21,-0.269,-130.674899,218.376203,-213.564535
106642,106985,Nashira,3.69,0.32,37.793496,-26.44095,-13.804954
40572,40687,Násti,8.2,0.652,-14.7896,21.444841,47.900183
48099,48235,Natasha,8.54,0.855,-17.62853,11.226113,-24.722742
73327,73555,Nekkar,3.49,0.956,-36.876434,-37.508062,44.750903
7593,7607,Nembus,3.59,1.275,32.669331,14.886999,40.762548
5044,5054,Nenque,7.72,0.613,30.667693,8.890809,-26.310407
32829,32916,Nervia,8.1,0.729,-7.453896,32.605159,28.93919
33769,33856,Nganurganity,3.49,1.729,-80.775471,292.659236,-160.9853
25542,25606,Nihal,2.81,0.807,6.349344,45.531613,-17.425966
74732,74961,Nikawiy,7.88,0.93,-47.33943,-55.9706,65.389271
56916,57087,Noquisi,10.67,1.493,-9.031878,0.703493,4.557621
31812,31895,Nosaxa,8.05,0.747,-9.824884,55.678794,-64.000065
92564,92855,Nunki,2.05,-0.134,14.950858,-60.794062,-30.937099
75466,75695,Nusakan,3.66,0.319,-18.45833,-23.589253,16.675351
13159,13192,Nushagak,8.17,0.643,17.335912,15.849496,71.246614
80593,80838,Ogma,8.15,0.611,-23.714339,-57.602097,49.279323
93452,93747,Okab,2.99,0.014,6.95881,-23.716532,6.099966
7736,7751,p Eridani,5.76,0.88,3.945945,1.835674,-6.500103
81020,81266,Paikauhale,2.82,-0.206,-45.960032,-119.546841,-68.7205
72144,72370,Paradys,3.83,1.433,-19.356924,-17.40793,-134.489842
100425,100751,Peacock,1.94,-0.118,17.850262,-24.200974,-45.841245
26569,26634,Phact,2.65,-0.12,5.885917,66.110037,-44.89318
57828,58001,Phecda,2.41,0.044,-15.094867,0.406425,20.552678
74868,75097,Pherkad,3.0,0.058,-29.797327,-35.741213,141.814461
61202,61394,Phyllon Kissinou,4.8,0.012,-86.726287,-13.290876,36.574715
40766,40881,Piautos,5.92,-0.039,-73.723045,104.765465,57.095809
88141,88414,Pincoya,9.62,1.396,0.490331,-36.066992,-19.63405
82294,82545,Pipirima,3.56,-0.21,-33.31875,-109.554458,-89.520712
31605,31685,Pipit,3.17,-0.103,-13.61885,81.907249,-77.960909
17809,17851,Pleione,5.05,-0.082,57.734463,89.91922,47.882552
115718,116084,Poerava,7.82,0.513,28.894288,-3.632398,-46.986336
11734,11767,Polaris,1.97,0.636,1.3431,1.047629,132.614909
104046,104382,Polaris Australis,5.45,0.283,1.150845,-1.065873,-86.118423
89064,89341,Polis,3.84,0.195,5600.996443,-93152.961403,-35932.639895
37718,37826,Pollux,1.16,0.991,-4.055465,8.19518,4.867171
61748,61941,Porrima,2.74,0.368,-11.488622,-2.111702,-0.295552
53075,53229,Praecipua,3.79,1.04,-23.041794,6.900625,16.355475
20155,20205,Prima Hyadum,3.65,0.981,20.197375,43.211662,13.342572
37173,37279,Procyon,0.4,0.432,-1.469312,3.17617,0.320024
29582,29655,Propus,3.31,1.6,-7.067151,108.713368,45.140745
70666,70890,Proxima Centauri,11.01,1.807,-0.472264,-0.361451,-1.151219
73467,73695,Quadrans,4.83,0.647,-5.858189,-6.055134,9.244209
88610,88886,Ramus,4.37,-0.164,10.031459,-262.374329,99.815819
16496,16537,Ran,3.72,0.881,1.89897,2.541426,-0.528523
17336,17378,Rana,3.52,0.915,5.006502,7.370189,-1.533131
83290,83547,Rapeto,7.39,0.565,-8.640486,-34.989554,-33.974575
47772,47908,Ras Elased Australis,2.97,0.808,-57.700126,38.244772,30.494289
48318,48455,Rasalas,3.88,1.222,-29.062466,18.02588,16.685015
84086,84345,Rasalgethi,2.78,1.164,-20.995512,-104.709944,27.400863
85769,86032,Rasalhague,2.08,0.155,-1.587067,-14.453242,3.239454
116265,116631,Rasalnaqa,4.29,-0.083,111.002171,-10.621481,104.963685
85410,85670,Rastaban,2.79,0.954,-9.169333,-70.678899,92.218765
30016,30089,Red Rectangle,8.85,0.344,-37.678828,431.31548,-81.318571
49528,49669,Regulus,1.36,-0.087,-21.018857,11.132218,5.041397
5725,5737,Revati,5.21,0.32,50.128801,16.707567,7.027196
5731,5743,Revati B,6.44,0.492,88.381439,29.46675,12.394783
19730,19780,Rhombus,3.33,0.915,10.180685,20.514413,-43.944776
24378,24436,Rigel,0.18,-0.03,51.601106,256.709905,-37.740051
71456,71683,Rigil Kentaurus,-0.01,0.71,-0.495203,-0.414084,-1.156625
80776,81022,Rosalíadecastro,7.89,0.68,-23.009677,-57.565318,2.256769
57375,57548,Ross 128,11.12,1.746,-3.349892,0.179372,0.047111
92115,92403,Ross 154,10.37,1.51,0.585883,-2.652454,-1.200123
30847,30920,Ross 614,11.12,1.69,-0.527146,4.088126,-0.202607
44135,44263,Ross 687,12.37,1.455,-14.80023,14.692285,1.913156
101442,101769,Rotanev,3.64,0.425,18.994041,-23.134214,7.794139
6672,6686,Ruchbah,2.66,0.16,14.082378,5.53413,26.457567
95052,95347,Rukbat,3.96,-0.105,15.143928,-39.50987,-36.286833
83755,84012,Sabik,2.43,0.059,-5.602493,-25.470005,-7.342684
23398,23453,Saclateni,3.69,1.154,45.114162,175.957014,158.327189
110049,110395,Sadachbia,3.86,-0.057,45.635919,-20.880207,-1.215412
112389,112748,Sadalbari,3.51,0.933,28.209183,-8.893887,13.542862
108728,109074,Sadalmelik,2.95,0.969,140.987693,-76.722268,-0.896054
105936,106278,Sadalsuud,2.9,0.828,130.759282,-98.929336,-15.993766
100128,100453,Sadr,2.23,0.673,249.318228,-348.795593,363.040966
113980,114341,Safina,3.68,1.202,75.510914,-16.931759,-29.973162
56403,56572,Sagarmatha,8.42,0.76,-49.158438,5.1974,-4.112467
27298,27366,Saiph,2.07,-0.168,10.444137,195.314937,-33.326707
114887,115250,Salm,4.58,0.18,44.715629,-7.756411,19.960021
106481,106824,Sāmaya,8.56,0.546,74.642254,-53.172993,-56.684058
85965,86228,Sargas,1.86,0.406,-6.654055,-67.016643,-62.796539
84121,84379,Sarin,3.12,0.08,-4.075476,-20.503689,9.676738
21541,21594,Sceptrum,3.86,1.082,11.405856,30.579706,-8.321655
113521,113881,Scheat,2.44,1.655,51.433435,-12.877612,28.290136
3172,3179,Schedar,2.24,1.17,37.984817,6.784483,58.379619
20405,20455,Secunda Hyadum,3.77,0.983,18.695965,41.472036,14.380508
8867,8886,Segin,3.35,-0.15,49.169644,26.806887,113.163436
70851,71075,Seginus,3.04,0.191,-16.449442,-12.860715,16.49506
96450,96757,Sham,4.39,0.777,52.446573,-112.348474,40.319114
55498,55664,Shama,9.1,0.874,-49.302696,7.744997,-1.332214
51475,51624,Shaomin,3.84,-0.148,-91628.219948,36643.48097,16171.724913
79191,79431,Sharjah,11.34,1.486,-6.147626,-12.156552,-4.657551
85665,85927,Shaula,1.62,-0.231,-16.048583,-138.749793,-105.649898
92133,92420,Sheliak,3.52,0.003,53.40884,-240.514817,162.223134
8884,8903,Sheratan,2.64,0.165,14.752622,8.063457,6.389157
3685,3693,Shimu,4.08,1.1,51.755023,10.844894,23.839349
94967,95262,Sika,7.84,0.599,17.247552,-45.594321,-31.559182
32263,32349,Sirius,-1.44,0.009,-0.494323,2.476731,-0.758485
111359,111710,Situla,5.04,1.14,61.229681,-22.967064,-4.834534
112776,113136,Skat,3.27,0.066,45.459019,-13.325406,-13.423467
104442,104780,Solaris,9.78,1.611,34.978517,-31.055419,12.26203
72345,72571,Solitaire,4.42,1.366,-66.036951,-60.664821,-47.600014
65269,65474,Spica,0.98,-0.235,-69.990853,-27.285826,-14.82176
110822,111169,Stellio,3.76,0.031,18.613691,-7.587422,24.196371
43551,43674,Stribor,8.03,0.626,-43.676078,46.086662,41.323525
91484,91768,Struve 2398 A,8.94,1.504,0.334856,-1.773105,3.079349
91487,91772,Struve 2398 B,9.7,1.561,0.324167,-1.716358,2.980381
101629,101958,Sualocin,3.77,-0.057,48.015095,-57.406003,21.335542
47373,47508,Subra,3.52,0.516,-32.353394,22.412883,6.863686
44689,44816,Suhail,2.23,1.665,-88.662596,82.682121,-114.774841
92902,93194,Sulafat,3.25,-0.049,40.69872,-154.738921,102.67804
69479,69701,Syrma,4.07,0.511,-18.333625,-12.367873,-2.324624
22396,22449,Tabit,3.19,0.484,2.413721,7.63677,0.977904
57226,57399,Taiyangshou,3.69,1.181,-37.766969,2.301619,41.698309
62876,63076,Taiyi,5.23,0.303,-11.820552,-2.918495,26.640872
44000,44127,Talitha,3.12,0.223,-6.835882,6.883318,10.789878
50655,50801,Tania Australis,3.06,1.603,-48.161684,21.865099,46.794651
50230,50372,Tania Borealis,3.45,0.029,-27.815454,13.402145,28.706022
37933,38041,Tapecue,8.1,0.745,-8.804898,17.312575,-26.994249
96970,97278,Tarazed,2.72,1.507,53.215608,-106.431852,22.297682
40411,40526,Tarf,3.53,1.481,-51.522087,76.015371,14.84954
17489,17531,Taygeta,4.3,-0.11,63.361504,95.01397,51.966577
40054,40167,Tegmine,4.67,0.531,-13.035978,20.033032,7.603791
30270,30343,Tejat,2.87,1.621,-6.562116,65.281443,27.194957
112928,113288,Tengshe,4.99,1.778,304.725766,-86.755537,374.042528
97755,98066,Terebellum,4.7,0.748,11.280499,-20.384256,-11.514028
21340,21393,Theemin,3.81,0.957,20.338212,52.67393,-33.342657
68537,68756,Thuban,3.67,-0.049,-34.416017,-20.758849,83.796391
111768,112122,Tiaki,2.07,1.61,34.993484,-12.277259,-39.608199
98508,98823,Tianfu,5.51,1.063,72.436519,-120.389654,17.943762
26386,26451,Tianguan,2.97,-0.148,12.391949,126.637551,49.207351
62228,62423,Tianyi,5.43,1.567,-87.644943,-18.458661,208.879282
80443,80687,Timir,6.89,0.95,-22.329431,-52.905718,-13.680158
7499,7513,Titawin,4.1,0.536,9.229933,4.147969,8.92295
71453,71681,Toliman,1.35,0.9,-0.495181,-0.413973,-1.156674
58777,58952,Tonatiuh,5.78,1.029,-21.989708,-0.504005,94.562822
8183,8198,Torcular,4.26,0.942,75.808974,37.546943,13.637807
60457,60644,Tupã,6.99,0.537,-16.574938,-1.871712,-34.233139
17055,17096,Tupi,7.12,0.583,11.740637,16.723573,-27.033217
39644,39757,Tureis,2.83,0.458,-9.379037,15.076242,-8.018549
89860,90139,Tusizuo,3.85,1.168,3.495833,-33.687362,13.525603
116218,116584,Udkadua,3.81,0.984,18.103691,-1.77795,19.141071
47297,47431,Ukdah,3.9,1.313,-66.071937,46.325951,-1.609728
57119,57291,Uklun,7.47,0.721,-20.576736,1.363005,-33.921898
76835,77070,Unukalhai,2.63,1.167,-12.5786,-18.695648,2.537718
71634,71860,Uridim,2.3,-0.154,-73.354913,-62.611867,-104.837277
95777,96078,Uruk,8.97,0.539,44.426247,-104.573689,33.600124
117515,117883,Uúba,9.79,0.815,61.046878,-1.419958,-47.072569
3820,3829,Van Maanen's Star,12.37,0.554,4.146957,0.903519,0.400348
90979,91262,Vega,0.03,-0.001,0.960565,-5.908009,4.809731
115711,116076,Veritate,5.22,1.029,60.844885,-7.662161,50.080351
63405,63608,Vindemiatrix,2.85,0.934,-31.782664,-8.840495,6.38806
35453,35550,Wasat,3.5,0.374,-5.888392,16.151258,6.939513
27559,27628,Wazn,3.12,1.146,0.855327,21.672805,-15.624858
34354,34444,Wezen,1.83,0.671,-129.733458,421.761488,-218.979855
80579,80824,Wolf 1061,10.1,1.604,-1.597477,-3.871023,-0.940865
5337,5348,Wurren,3.94,-0.12,49.896436,15.346501,-75.238648
71682,71908,Xami,3.18,0.256,-5.319852,-4.563974,-15.014538
82263,82514,Xamidimura,3.0,-0.2,-35.43289,-115.66204,-94.671563
91566,91852,Xihe,6.04,1.04,21.185517,-110.010103,83.070331
69510,69732,Xuange,4.18,0.087,-17.435524,-11.802923,21.870286
79640,79882,Yed Posterior,3.23,0.966,-13.962311,-29.378579,-2.669978
79352,79593,Yed Prior,2.73,1.584,-23.290749,-46.890988,-3.380547
85560,85822,Yildun,4.35,0.021,-0.379972,-3.119005,52.676703
49496,49637,Yunü,4.39,1.448,-78.745563,41.911852,15.725184
59945,60129,Zaniah,3.89,0.026,-81.054806,-7.05786,-0.946921
18497,18543,Zaurak,2.97,1.588,30.760217,52.235828,-14.56308
57584,57757,Zavijava,3.59,0.518,-10.914853,0.443379,0.336562
48219,48356,Zhang,4.11,0.918,-66.227032,41.59319,-20.730703
76997,77233,Zhou,3.65,0.073,-25.268927,-38.245168,12.644945
15159,15197,Zibal,4.8,0.232,21.831836,25.077889,-5.15902
54712,54872,Zosma,2.56,0.128,-16.442201,3.337108,6.280742
72396,72622,Zubenelgenubi,2.75,0.147,-16.408581,-15.151818,-6.421874
76100,76333,Zubenelhakrabi,3.91,1.007,-28.510476,-39.071229,-12.769777
74556,74785,Zubeneschamali,2.61,-0.071,-36.549398,-42.420251,-9.252607
763,765,,3.88,1.013,30.82377,1.266396,-31.665333
1559,1562,,3.56,1.214,82.880324,7.042663,-12.912353
1595,1599,,4.23,0.576,3.631914,0.318885,-7.774227
1641,1645,,5.38,1.343,123.225843,11.104763,17.807629
2016,2021,,2.82,0.618,1.635267,0.184517,-7.275205
2069,2072,,3.93,0.175,17.106924,1.964466,-16.443574
2478,2484,,4.36,-0.064,18.64771,2.582977,-36.881102
3086,3092,,3.27,1.268,27.363473,4.742224,16.595166
3752,3760,,5.92,1.104,172.283739,36.848083,22.568981
3871,3881,,4.53,-0.136,139.406857,30.787155,124.45018
4426,4436,,3.86,0.13,30.180673,7.630372,24.761577
4567,4577,,4.3,-0.154,200.770598,52.489589,-116.727788
4879,4889,,5.5,-0.043,108.793748,30.58991,70.082353
4896,4906,,4.27,0.952,53.144471,14.974142,7.651854
5154,5165,,3.32,0.885,65728.03719,19495.774096,-72799.31262
5353,5364,,3.46,1.161,35.733354,11.025427,-6.716585
5730,5742,,4.67,1.047,118.013398,39.343134,56.911417
6179,6193,,4.74,0.032,78.942697,28.524892,43.257068
6523,6537,,3.6,1.065,32.241501,12.380133,-4.96651
6853,6867,,3.41,1.542,48.291055,19.600485,-49.144111
6993,7007,,4.84,1.372,85.579481,35.529252,9.974354
7068,7083,,3.93,0.972,26.31178,11.067445,-32.92116
7869,7884,,4.45,1.347,100.168039,47.473101,10.649285
8087,8102,,3.49,0.727,3.154083,1.539508,-1.00226
8814,8833,,4.61,0.928,48.236339,26.069281,3.053521
8818,8837,,4.39,1.597,63.693781,34.455513,-75.786103
8989,9007,,3.69,0.844,9.696827,5.372709,-13.991232
9217,9236,,2.86,0.29,9.103629,5.191033,-19.357346
10041,10064,,3.0,0.14,26.909766,17.068198,22.302471
10300,10324,,4.36,0.878,97.101875,63.662733,18.071856
10578,10602,,3.56,-0.12,24.277871,16.454316,-36.88702
10645,10670,,4.03,0.019,23.617959,16.128369,19.179839
10975,11001,,4.08,0.034,12.697968,9.036411,-39.890188
11318,11345,,4.88,-0.027,109.868541,81.261421,-29.771764
11380,11407,,4.24,-0.136,83.993856,62.712836,-115.214518
11457,11484,,4.3,-0.053,46.745585,35.276211,8.71048
11755,11783,,4.74,0.454,20.289578,15.864382,-7.019183
12062,12093,,4.87,0.88,80.687079,65.266003,10.163258
12355,12387,,4.08,-0.212,152.884758,127.698502,1.142144
12357,12390,,4.83,0.447,16.130169,13.482598,-4.419553
12360,12394,,4.12,-0.061,13.225285,11.057012,-43.245786
12381,12413,,4.74,0.061,20.044606,16.789617,-24.290419
12451,12484,,5.21,0.411,21.75871,18.364799,-39.991207
12452,12486,,4.11,1.006,27.095858,22.870882,-29.600515
12737,12770,,4.24,-0.122,88.240919,76.789504,-28.858845
12795,12828,,4.27,0.311,19.080598,16.72475,4.526074
12810,12843,,4.47,0.481,10.131041,8.892749,-4.529443
13114,13147,,4.45,0.981,33.071703,30.064017,-28.370335
13221,13254,,4.22,0.343,21.366064,19.67884,22.955795
13920,13954,,4.71,-0.109,123.577264,123.270329,27.356434
14112,14146,,4.08,0.163,17.419759,17.787178,-10.889644
14206,14240,,5.12,0.349,15.220957,15.708683,-37.488345
14292,14328,,2.91,0.716,30.696986,32.009546,59.949578
14318,14354,,3.32,1.528,50.772204,53.119196,59.165375
15436,15474,,3.7,1.614,55.881991,66.313063,-34.611249
15861,15900,,3.61,0.887,55.200207,68.663325,13.999272
16187,16228,,4.21,0.419,182.465205,235.803468,515.18103
16570,16611,,4.26,-0.106,49.785855,67.151682,-33.152769
17316,17358,,3.01,-0.125,59.860731,87.855481,117.192812
17398,17440,,3.84,1.133,7.098485,10.543736,-27.019807
17609,17651,,4.22,0.434,8.889125,13.538595,-6.958253
17637,17678,,3.26,1.59,9.756821,14.915528,-63.149939
17757,17797,,4.3,-0.038,21.799174,33.760304,-30.970368
17833,17874,,4.17,0.927,28.005042,43.7289,-38.005771
17917,17959,,4.59,0.064,18.873061,29.727281,104.223388
18201,18246,,2.84,0.271,102.130978,166.878316,121.704179
18458,18505,,4.95,-0.074,25.533963,43.100035,98.625998
18485,18532,,2.9,-0.199,76.156467,129.09969,125.816858
18550,18597,,4.56,1.59,38.96927,66.651739,-141.610379
18677,18724,,3.41,-0.099,72.055648,125.663969,32.088342
19697,19747,,3.85,1.085,11.637776,23.342255,-23.728596
19843,19893,,4.26,0.312,5.584439,11.453148,-16.011327
19871,19921,,4.44,1.078,4.063966,8.377204,-15.682734
19992,20042,,3.55,-0.108,19.536379,40.910335,-30.347713
20597,20648,,4.3,0.049,17.36483,39.694452,14.017394
21008,21060,,5.07,-0.194,57.976821,141.4236,-152.599589
21228,21281,,3.3,-0.079,10.857822,27.56288,-42.378779
21391,21444,,3.93,-0.21,73.800655,193.060106,-12.107266
21717,21770,,4.44,0.342,5.101798,14.124725,-13.457617
21808,21861,,5.04,0.391,7.623137,21.544405,-17.311611
21828,21881,,4.27,-0.112,37.416474,106.020957,47.623853
21896,21949,,5.53,-0.114,16.208289,46.456426,-142.338231
22056,22109,,4.01,-0.148,51.015593,151.376745,-9.083835
22456,22509,,4.35,0.01,20.273136,64.902011,10.64789
22496,22549,,3.68,-0.157,94.925539,306.683598,31.506969
22648,22701,,4.36,0.257,20.70106,68.667532,-6.846096
22677,22730,,5.33,1.632,51.872397,173.39311,7.928048
22730,22783,,4.26,-0.008,11388.133562,38476.633833,91596.173902
22792,22845,,4.64,0.085,9.83882,33.698243,6.285324
23069,23123,,4.47,1.369,76.757549,279.372806,8.669789
23630,23685,,3.19,1.46,14.257014,58.775516,-24.89227
23917,23972,,4.25,-0.187,54.107143,239.830695,-37.859151
24187,24244,,4.45,-0.099,14.372474,68.052698,-14.618273
24249,24305,,3.29,-0.11,11.164848,53.596933,-15.911275
24270,24327,,4.36,-0.094,44.086239,213.030877,-49.989446
24785,24845,,4.29,-0.235,44.609015,250.278024,-59.518691
24813,24873,,5.29,-0.104,17.353854,98.377746,-21.809455
25047,25110,,5.08,0.506,0.634691,3.850421,20.517591
25794,25859,,3.86,1.13,8.234768,65.213718,-46.834868
25853,25918,,5.18,1.13,0.906183,7.349405,-30.47144
26004,26069,,3.76,0.64,16.370231,141.620663,-273.743541
27006,27072,,3.59,0.481,0.558889,8.231515,-3.40875
27034,27100,,4.34,0.217,1.251539,18.809293,-41.819199
27220,27288,,3.55,0.104,1.188275,20.854933,-5.52761
27253,27321,,3.85,0.171,0.677437,12.19782,-15.122127
27461,27530,,4.5,1.075,1.339002,30.14806,-45.022342
27585,27654,,3.76,0.984,1.233354,32.555386,-12.426988
27821,27890,,4.65,1.022,0.305734,11.875322,-23.404792
27844,27913,,4.39,0.594,0.199145,8.12391,3.002187
28032,28103,,3.71,0.337,0.226289,14.424355,-3.64172
28127,28199,,4.36,-0.165,2.339512,217.669281,-154.031992
28256,28328,,3.96,1.146,0.395224,106.157169,-98.3554
28543,28614,,4.12,0.17,-0.487031,46.83194,7.961214
28620,28691,,5.14,-0.097,-3.127264,207.361101,74.215924
28664,28734,,4.16,0.835,-0.785331,43.678266,18.780748
28837,28910,,4.67,0.046,-1.374348,51.158602,-13.650887
28966,29038,,4.42,-0.164,-5.054138,152.917263,40.334489
29079,29151,,5.7,0.067,-7.845443,200.458965,8.757849
29353,29426,,4.45,-0.18,-9.400594,180.27811,45.708737
29578,29651,,3.99,1.319,-9.829941,151.438427,-16.686522
29734,29807,,4.37,0.978,-3.302105,45.641526,-32.209615
29987,30060,,4.44,0.032,-2.113811,24.62735,41.155331
30204,30277,,3.85,0.858,-5.767253,59.585068,-39.52731
30346,30419,,4.39,0.215,-3.86914,37.174221,3.002439
30794,30867,,3.76,-0.113,-25.823011,204.282357,-25.402943
30810,30883,,4.13,-0.115,-19.745914,155.415378,57.67907
31339,31416,,4.54,-0.035,-18.983936,123.138801,-52.796495
31512,31592,,3.95,1.037,-2.971851,18.407811,-6.513678
32521,32607,,3.24,0.225,-2.906455,13.618019,-26.124095
32672,32759,,3.5,-0.116,-36.758571,166.353338,-108.570651
32682,32768,,2.94,1.207,-7.654383,34.572281,-43.130564
32932,33018,,3.6,0.102,-10.97736,46.812348,32.384569
33073,33160,,4.08,1.418,-18.313512,76.003688,-16.672541
33078,33165,,6.65,-0.056,-21422.455486,88859.530452,-40559.369837
33260,33347,,4.36,-0.063,-178.337623,713.454932,-225.597739
33362,33449,,4.35,0.85,-7.080952,27.740855,46.57936
33888,33977,,3.02,-0.077,-210.498109,746.064177,-342.438173
34389,34481,,3.78,1.006,-4.22812,13.669876,-40.404484
34601,34693,,4.41,1.261,-25.971151,80.964075,49.576976
34677,34769,,4.15,-0.005,-36.330133,112.038272,-1.012987
34943,35037,,4.01,-0.15,-79.967595,236.217084,-125.824594
35132,35228,,3.97,0.76,-27.934552,80.182853,-209.706812
35169,35264,,2.71,1.616,-65.206299,186.349551,-149.300305
35253,35350,,3.58,0.106,-9.909037,27.946222,8.805756
35946,36046,,3.78,1.024,-11.927106,30.38497,17.208794
36044,36145,,4.61,-0.001,-20.244731,50.928261,63.517493
36274,36377,,3.25,1.509,-16.404069,39.982094,-40.72716
36856,36962,,4.06,1.54,-30.104979,67.678521,37.572052
37340,37447,,3.94,1.022,-19.103696,40.392645,-7.518267
37397,37504,,3.93,1.033,-5.555002,11.669749,-41.257317
37633,37740,,3.57,0.932,-17.374205,35.446541,17.905243
38038,38146,,5.32,0.751,-35.838574,69.564083,-36.344199
39681,39794,,4.35,-0.113,-33.295483,53.320205,-160.545681
39750,39863,,4.36,0.97,-172.53083,274.520877,-16.900451
39840,39953,,1.75,-0.145,-124.300149,195.993257,-251.831601
40587,40702,,4.05,0.413,-2.515914,3.642744,-19.054133
40728,40843,,5.13,0.487,-9.32358,13.3075,8.357022
41195,41312,,3.77,1.132,-7.921708,10.731349,-30.152411
42195,42313,,4.14,0.003,-31.060832,37.795209,4.886214
42396,42515,,3.97,0.936,-66.942302,79.706384,-73.721425
42416,42536,,3.6,-0.168,-58.71851,69.796529,-120.698168
42449,42568,,4.31,-0.117,-143.69503,170.315593,-382.271019
42680,42799,,4.3,-0.192,-117.329664,135.898249,10.66243
42709,42828,,3.68,-0.18,-147.689477,170.508984,-147.537653
42984,43103,,4.03,1.007,-59.175263,66.476982,48.846771
43113,43234,,4.35,-0.044,-72.427474,80.133985,11.043767
43286,43409,,4.02,1.272,-38.119847,41.407111,-29.561085
43689,43813,,3.11,0.978,-35.316755,36.765697,5.309278
44120,44248,,3.96,0.463,-8.496677,8.449391,10.707365
44254,44382,,4.0,0.145,-10.959043,10.727523,-35.095233
44572,44700,,4.56,1.037,-142.682841,134.775878,155.855184
44952,45080,,3.43,-0.19,-52.268405,47.490561,-117.37957
45204,45336,,3.89,-0.06,-26.074955,22.995381,1.405035
45557,45688,,3.82,0.066,-23.374361,19.815176,22.926164
45728,45860,,3.14,1.55,-39.512346,32.846027,35.17204
46376,46509,,4.59,0.411,-13.696743,10.590983,-0.837388
46518,46651,,3.6,0.371,-11.382585,8.679058,-12.210922
46600,46733,,3.65,0.36,-8.603035,6.510645,21.231076
46643,46776,,4.54,0.109,-126.733075,95.515712,-3.281718
46720,46853,,3.17,0.475,-6.693935,5.005096,10.57472
46819,46952,,4.54,0.914,-36.727405,27.121579,33.6576
48182,48319,,3.78,0.291,-15.505407,9.784196,30.560252
48265,48402,,4.55,0.038,-77.666573,48.48156,126.314461
48635,48774,,3.52,-0.067,-242.953038,144.739494,-397.464518
48786,48926,,5.23,0.3,-23.304405,13.608277,-19.528614
49441,49583,,3.48,-0.031,-328.449984,175.868859,112.220999
49451,49593,,4.49,0.19,-20.337129,10.878482,16.2967
49500,49641,,4.48,-0.032,-76.698775,40.80808,-0.563531
49700,49841,,3.61,1.007,-29.938956,15.487743,-7.382812
49958,50099,,3.29,-0.074,-32.00779,16.00439,-98.524026
50050,50191,,3.85,0.051,-20.660362,10.218175,-20.842511
50229,50371,,3.39,1.541,-87.13034,41.987831,-176.898605
50924,51069,,3.83,1.456,-63.022703,27.373482,-20.792498
51027,51172,,4.28,1.429,-88.352579,37.890013,-57.918293
51087,51232,,3.81,0.317,-196.531535,83.545339,-351.776134
51089,51233,,4.2,0.908,-34.818822,14.800637,28.20798
51290,51437,,5.08,-0.138,-114.678544,47.330714,-1.379402
51690,51839,,4.11,1.58,-23.590237,9.118277,-125.518147
51837,51986,,3.84,0.3,-16.728402,6.3126,-20.015507
52268,52419,,2.74,-0.22,-56.980945,19.910719,-125.948607
52317,52468,,4.58,1.7,-162.347956,56.267084,-304.520188
52575,52727,,2.69,0.901,-22.183186,7.339648,-27.280949
52789,52943,,3.11,1.232,-40.343946,12.793047,-12.291085
53099,53253,,3.78,0.945,-14.436596,4.310989,-24.92996
54304,54463,,3.93,1.225,-50249.82514,11464.949662,-85694.282278
54380,54539,,3.0,1.144,-30.843315,6.88533,31.054046
54522,54682,,4.46,0.025,-93.979241,20.122462,-40.451687
55118,55282,,3.56,1.112,-54.199405,9.717642,-14.52639
55521,55687,,4.81,1.556,-111.927049,17.422325,-21.729917
55539,55705,,4.06,0.216,-23.765377,3.670362,-7.667025
56174,56343,,3.54,0.947,-33.524411,3.96759,-20.978114
56311,56480,,4.62,-0.077,-75.883966,8.390759,-106.106941
56392,56561,,3.11,-0.044,-58.063196,6.158685,-114.692848
56464,56633,,4.7,-0.073,-84.291063,8.605864,-14.638702
57111,57283,,4.71,0.958,-102.494591,6.824337,-34.072715
57190,57363,,3.63,0.16,-15.372609,0.966692,-35.814787
57208,57380,,4.04,1.501,-89.335882,5.519063,10.244433
57763,57936,,4.29,-0.1,-78.778366,2.438319,-52.978439
58014,58188,,5.17,-0.022,-73.661453,1.280657,-22.736208
59016,59196,,2.58,-0.128,-80.490795,-2.936809,-98.48459
59134,59316,,3.02,1.326,-89.88085,-3.973272,-37.486747
59816,60000,,4.24,-0.123,-16.913371,-1.356886,-89.904352
59846,60030,,5.9,0.168,-114.156647,-9.321179,-1.573712
60554,60742,,4.35,1.128,-44.854517,-5.296552,24.287368
60635,60823,,3.91,-0.192,-80.166328,-9.857284,-97.048731
60983,61174,,4.3,0.388,-17.384353,-2.448661,-5.09915
61008,61199,,3.84,-0.157,-30.252522,-4.314584,-94.79796
61088,61281,,3.85,-0.116,-51.400013,-7.563147,141.115978
61392,61585,,2.69,-0.176,-33.992375,-5.563974,-90.370102
61739,61932,,2.2,-0.023,-25.771821,-4.720403,-30.097707
62127,62322,,3.04,-0.178,-38.249334,-7.83061,-97.161472
63963,64166,,4.94,1.048,-62.332323,-19.370955,-27.865588
64189,64394,,4.23,0.572,-7.676072,-2.489414,4.268726
64758,64962,,2.99,0.92,-35.509172,-12.735386,-16.146279
65729,65936,,3.9,1.186,-197.912019,-83.036359,-176.341407
66447,66657,,2.29,-0.171,-70.726493,-32.9381,-105.309044
67246,67459,,4.05,1.52,-69.023958,-35.731771,21.990689
67259,67472,,3.47,-0.17,-101.522043,-52.633292,-104.690333
68064,68282,,3.87,-0.208,-80.799834,-46.030955,-92.356336
68302,68520,,4.23,0.121,-59.454971,-34.898261,1.858889
70353,70576,,4.33,0.434,-55.216146,-40.925029,-69.645036
70415,70638,,4.31,1.3,-8.102137,-6.04578,-91.09986
70828,71053,,3.57,1.298,-33.395248,-26.051319,24.820934
71125,71352,,2.33,-0.157,-54.086167,-43.605833,-62.903
71310,71536,,4.05,-0.152,-48.652444,-40.065743,-73.601256
71569,71795,,3.78,0.044,-39.925583,-33.844144,12.786515
71731,71957,,3.87,0.385,-13.771311,-11.872446,-1.801463
71994,72220,,3.73,-0.005,-30.838211,-27.343068,1.362104
73046,73273,,2.68,-0.184,-60.951955,-60.176134,-80.247234
73107,73334,,3.13,-0.208,-61.87283,-61.421692,-78.787457
74167,74395,,3.41,0.918,-14.765283,-16.43956,-28.383941
74438,74666,,3.46,0.961,-20.5232,-23.506036,20.509246
74595,74824,,4.07,0.088,-10.304156,-12.012956,-26.134351
74717,74946,,2.87,0.014,-13.248562,-15.637336,-52.51191
74912,75141,,3.22,-0.227,-131.223518,-158.301112,-176.532145
74948,75177,,3.57,1.534,-43.289327,-52.423754,-49.870803
75094,75323,,4.48,0.169,-44.315595,-54.422257,-118.299395
75895,76127,,4.14,-0.127,-58.818354,-78.716957,59.88489
76044,76276,,3.8,0.268,-40.700384,-55.408101,12.790326
76065,76297,,2.8,-0.216,-57.388809,-78.369378,-84.935884
76317,76552,,4.34,1.412,-28.655317,-40.193087,-45.338837
76716,76952,,3.81,0.02,-22.633064,-33.161033,19.838868
76819,77055,,4.29,0.038,-13.368655,-19.830791,110.565025
77276,77512,,4.59,0.794,-25.233535,-39.454341,22.911467
77280,77516,,3.54,-0.036,-27.963131,-43.733196,-3.11142
77386,77622,,3.71,0.147,-11.504554,-18.201236,1.686207
77398,77634,,3.97,-0.045,-26.597559,-42.137857,-33.141039
77524,77760,,4.6,0.563,-6.184702,-9.962833,10.727031
77617,77853,,4.13,1.003,-25.878383,-42.157652,-14.868305
77716,77952,,2.83,0.315,-2.869157,-4.734869,-11.070637
77836,78072,,3.85,0.478,-5.56255,-9.299226,3.038014
77923,78159,,4.14,1.231,-30.827626,-52.120195,30.691703
78148,78384,,3.42,-0.206,-53.049208,-91.997111,-84.160334
78256,78493,,4.98,-0.05,-41.006057,-72.068531,47.585683
78290,78527,,4.01,0.528,-5.406623,-9.545392,17.947647
78400,78639,,4.65,0.902,-21.436686,-38.362307,-50.964612
78730,78970,,5.72,0.298,-20.73371,-38.696669,-32.789385
79270,79509,,4.95,1.017,-34.049566,-67.905705,-107.012462
79580,79822,,4.95,0.393,-3.16421,-6.597182,28.821068
79750,79992,,3.91,-0.151,-27.579279,-58.969611,68.155258
79759,80000,,4.01,1.08,-10.705758,-22.916885,-30.311157
79928,80170,,3.74,0.299,-23.156213,-50.764845,19.379328
80339,80582,,4.46,-0.07,-43.237191,-100.860395,-119.987381
80819,81065,,3.86,0.923,-3.402312,-8.577006,-47.018913
80880,81126,,4.2,-0.013,-26.078761,-66.292176,65.133106
81130,81377,,2.54,0.038,-39.017319,-103.200447,-20.582092
81444,81693,,2.81,0.65,-3.073152,-8.593139,5.615032
81583,81833,,3.48,0.916,-8.555377,-24.463195,20.928253
81602,81852,,4.23,1.06,-3.425923,-9.82102,-46.985394
81830,82080,,4.21,0.897,-4.098102,-12.242736,92.297935
82112,82363,,3.77,1.562,-14.233672,-44.996851,-78.673358
82419,82671,,4.7,0.444,-165.254768,-557.850047,-530.561119
82745,83000,,3.19,1.16,-7.432411,-26.650562,4.567947
82826,83081,,3.12,1.552,-22.05913,-80.386753,-123.53816
82952,83207,,3.92,-0.018,-10.50257,-39.395153,24.426522
83885,84143,,3.32,0.441,-3.401345,-16.05484,-15.432267
84122,84380,,3.16,1.437,-18.017787,-90.679203,69.185936
84348,84606,,4.64,0.043,-7.859219,-42.067341,32.591167
84622,84880,,4.32,0.037,-10.332265,-59.860544,-13.853358
84853,85112,,4.15,-0.011,-15.173056,-94.947155,72.840377
84999,85258,,2.84,1.479,-16.904234,-110.792345,-163.251778
85008,85267,,3.31,-0.15,-28.42707,-186.83103,-284.199972
85467,85727,,3.6,-0.104,-3.736759,-29.474564,-52.908519
85494,85755,,4.78,0.016,-14.138881,-112.775053,-50.514993
85530,85792,,2.84,-0.136,-6.473763,-52.424912,-62.676478
85567,85829,,4.86,0.279,-2.101791,-17.284211,25.026701
85998,86263,,3.54,0.262,-3.038557,-30.971085,-8.570974
86148,86414,,3.82,-0.179,-8.66837,-96.48418,100.3369
86298,86565,,4.24,0.086,-4.193749,-51.601055,-11.833705
86403,86670,,2.39,-0.171,-8.785101,-114.747994,-93.292778
86661,86929,,3.61,1.161,-2.868557,-46.020948,-97.652295
86705,86974,,3.42,0.75,-0.434406,-7.3437,3.865655
86803,87072,,4.53,0.6,-14.494275,-266.775691,-141.045839
86804,87073,,2.99,0.509,-24.497404,-451.772701,-381.351324
87537,87808,,3.86,1.35,-3.005409,-183.808118,139.792353
87661,87933,,3.7,0.935,-0.356945,-36.596981,20.49449
88439,88714,,3.65,-0.101,4.628533,-159.924037,-191.28926
88517,88794,,3.84,-0.018,2.989087,-90.792184,49.863048
88589,88866,,4.33,0.228,0.66171,-17.666424,-35.720985
89364,89642,,3.1,1.582,2.754228,-35.738834,-26.777975
89660,89937,,3.55,0.489,0.219434,-2.381656,7.694536
89684,89962,,3.23,0.941,1.719456,-18.438938,-0.937748
89819,90098,,4.35,1.462,6.937554,-68.218953,-126.259656
90143,90422,,3.49,-0.179,6.951907,-58.794382,-61.23999
90288,90568,,4.1,0.995,3.180986,-25.152757,-29.238082
90315,90595,,4.67,0.076,12.044075,-94.026655,-24.631831
90605,90887,,5.16,0.079,7.607531,-53.527785,-44.892575
90835,91117,,3.85,1.317,9.245186,-59.708018,-8.754035
91507,91792,,4.01,1.134,3.982268,-20.957449,-63.491109
91589,91875,,5.11,0.075,9.374585,-48.473774,-39.024426
91684,91971,,4.34,0.192,7.36169,-37.202578,29.210771
91754,92041,,3.17,-0.107,12.937936,-64.083559,-33.297761
91888,92175,,4.22,1.087,57.215132,-274.025425,-23.250298
91915,92202,,5.38,1.28,20468.357859,-97376.715087,-9940.913643
92319,92609,,4.22,-0.15,46.22288,-199.350966,-387.929889
92502,92791,,4.22,1.575,42.527743,-175.43781,135.530509
92524,92814,,5.08,0.141,97.758669,-401.642374,-115.438114
92661,92953,,5.35,0.998,16.181133,-64.559841,-61.439775
92697,92989,,5.36,-0.147,25.673179,-101.692706,-80.02487
92723,93015,,4.4,0.53,14.597349,-57.529297,-141.425058
92793,93085,,3.52,1.151,26.037848,-101.172397,-40.325267
92881,93174,,4.83,0.396,6.100734,-23.286509,-18.210673
92951,93244,,4.02,1.082,11.79959,-44.328509,12.35001
93248,93542,,4.74,-0.027,11.946382,-42.277742,-39.689849
93388,93683,,3.76,1.012,11.267032,-38.85539,-16.133344
93510,93805,,3.43,-0.096,10.770638,-36.216543,-3.227659
93530,93825,,4.23,0.523,3.945759,-13.231884,-10.428815
93569,93864,,3.32,1.169,9.508483,-31.623153,-17.31506
93710,94005,,4.57,1.07,12.229963,-39.785308,-35.544936
93865,94160,,4.1,1.163,33.816393,-107.204136,-92.141229
94352,94648,,4.45,1.257,4.161675,-12.163752,43.002444
94484,94779,,3.8,0.95,7.497777,-21.43943,30.547504
94525,94820,,4.88,1.013,46.423708,-131.763665,-47.975072
94873,95168,,3.92,0.228,12.926473,-34.724544,-11.929933
95207,95501,,3.36,0.319,5.650026,-14.436012,0.843584
95554,95853,,3.76,0.148,8.790467,-21.299308,29.207404
96104,96406,,5.64,0.185,33.354291,-74.890731,-37.740821
96530,96837,,4.39,1.041,54.860279,-116.256022,40.472581
97056,97365,,3.68,1.313,77.993677,-154.087523,57.900217
97124,97433,,3.84,0.888,6.964788,-13.643765,42.707954
97493,97804,,3.87,0.63,199.669191,-373.661462,7.43694
97721,98032,,4.12,1.063,20.00728,-36.369941,-37.203168
97799,98110,,3.89,1.019,16.453496,-29.589591,23.780105
98026,98337,,3.51,1.571,36.997433,-64.89161,26.440286
98101,98412,,4.37,-0.15,64.765423,-112.475668,-91.815589
98184,98495,,3.97,-0.032,4.754832,-8.186656,-30.794025
98232,98543,,4.66,0.184,32.330025,-55.381221,33.744109
98375,98688,,4.43,1.64,62.107193,-104.748215,-63.960733
98604,98920,,5.09,1.058,23.995376,-39.481671,16.807824
98924,99240,,3.55,0.751,1.313772,-2.087713,-5.587991
101445,101772,,3.11,0.998,12.976855,-15.802893,-22.152943
101950,102281,,4.43,0.302,43.241717,-49.981753,17.801271
102064,102395,,3.42,0.163,11.018527,-12.568841,-37.903223
102154,102485,,4.13,0.426,8.799322,-9.937473,-6.266031
102201,102532,,4.27,1.042,24.733436,-27.794763,10.756074
102500,102831,,4.89,1.004,65.133632,-71.100794,-64.501268
102647,102978,,4.12,1.633,157.000892,-168.625944,-116.985158
102895,103227,,3.67,1.25,67.818551,-70.96183,-159.891518
103406,103738,,4.67,0.89,42.228148,-41.75506,-37.481056
103804,104139,,4.08,-0.01,34.443471,-32.700737,-14.731739
104184,104521,,4.7,0.262,26.379939,-24.10051,6.385059
104394,104732,,3.21,0.99,28.278409,-25.25354,22.089851
104520,104858,,4.47,0.529,13.660962,-12.035259,3.212549
104802,105140,,4.71,0.07,35.949472,-30.720552,-29.746948
104979,105319,,4.39,0.191,13.809188,-11.601,-24.32855
105175,105515,,4.28,0.888,44.584575,-36.672187,-17.467386
105229,105570,,5.16,0.064,77.954853,-63.752192,12.028088
105519,105858,,4.21,0.494,3.025799,-2.397286,-8.418648
105540,105881,,3.77,1.002,85.717547,-67.776385,-45.065401
106746,107089,,3.73,1.008,3.808297,-2.630174,-20.688835
106967,107310,,4.49,0.512,16.170769,-10.892651,10.693308
107011,107354,,4.14,0.425,25.625802,-17.179996,14.811538
107265,107608,,5.02,0.042,70.778376,-46.080091,-50.542965
108316,108661,,5.43,-0.095,191.231043,-109.477969,-119.410773
108765,109111,,4.47,1.349,50.325213,-27.291744,-47.265364
108793,109139,,4.29,-0.075,45.86867,-24.791487,-12.874003
108830,109176,,3.77,0.435,9.335368,-5.015491,5.019565
109006,109352,,5.58,0.985,65.588119,-34.424593,48.42115
109076,109422,,4.94,0.489,13.670951,-7.105556,-9.83382
109146,109492,,3.39,1.558,120.077626,-61.940455,217.924077
109591,109937,,4.14,1.447,135.358669,-66.041055,116.609456
110192,110538,,4.42,1.015,29.133552,-13.038111,41.191488
110263,110609,,4.55,0.092,409.779602,-181.340137,524.233161
110614,110960,,3.65,0.406,25.969719,-10.912416,-0.009819
110650,110997,,3.97,1.022,63.502865,-26.541175,-65.303513
110675,111022,,4.34,1.679,313.72288,-130.702078,373.59188
110757,111104,,4.52,-0.086,355.219533,-146.251994,359.77449
110776,111123,,4.82,-0.053,80.722934,-33.169888,-16.455466
110841,111188,,4.29,0.011,34.265767,-13.930345,-23.425222
111147,111497,,4.04,-0.083,47.99624,-18.578858,-0.105543
111601,111954,,4.18,-0.105,125.047058,-45.108691,-67.860991
112050,112405,,4.13,0.208,6.504421,-2.174504,-45.250032
112084,112440,,3.97,1.07,97.414069,-32.34337,44.770388
112090,112447,,4.2,0.502,15.122785,-5.009216,3.436474
112263,112623,,3.49,0.083,23.513371,-7.577057,-30.854309
112357,112716,,4.05,1.57,90.21252,-28.620692,-22.883854
112364,112724,,3.5,1.053,13.598133,-4.30834,32.34218
112601,112961,,3.73,1.626,112.009754,-33.916636,-15.573012
112886,113246,,4.2,0.952,38.294356,-10.990075,-25.419746
113278,113638,,4.11,0.96,19.533046,-5.153542,-26.570247
113770,114131,,4.28,0.423,28.53779,-6.735685,-27.845269
114059,114421,,3.88,0.998,38.629453,-8.500488,-39.895777
114493,114855,,4.24,1.107,44.520534,-8.675776,-7.255216
114609,114971,,3.7,0.916,41.496215,-7.847237,2.421966
114634,114996,,3.99,0.41,11.929297,-2.241691,-19.60403
114740,115102,,4.41,1.109,46.342019,-8.416758,-30.043133
115073,115438,,3.96,1.082,46.435798,-7.568697,-17.217874
115376,115738,,4.95,0.036,46.55861,-6.764661,1.031187
115465,115830,,4.27,1.062,44.814124,-6.304546,5.059407
115865,116231,,4.38,-0.095,41.860861,-4.959933,-32.719276
116405,116771,,4.13,0.507,13.595494,-1.192399,1.34449
116562,116928,,4.49,0.2,32.57453,-2.556983,1.015452
117900,118268,,4.03,0.419,31.760437,-0.095415,3.822824